,Power factor_U[],Power factor_V[],Power factor_W[],Power_U[],Power_V[],Power_W[],Power_AC (SIGMA)[],UDC[],IDC[],Power_DC[],Speed[],Torque[],Power_Mech.[],Inv_구동효율[],Inv_발전효율[],Motor_구동효율[],Motor_발전효율[],(LC) IGBT TEMP. MAX[],(B) IGBT_TEMP[],(INV) IGBT_U_TEMP[],(INV) IGBT_V_TEMP[],(INV) IGBT_W_TEMP[],SysEff,Torque
pp_KONA_Effmap_20230921_250rpm_25Nm.xlsx,0.0,0.0,0.1,217.2,278.1,315.4,810.8,419.2,2.1,859.1,250.5,25.1,658.5,94.5,106.0,81.5,123.1,35.6,29.5,38.7,38.7,38.7,77.06,395.0
pp_KONA_Effmap_20230921_250rpm_50Nm.xlsx,0.0,0.1,0.1,510.6,530.1,544.4,1584.9,419.2,4.0,1689.2,250.1,50.8,1329.3,93.8,106.6,83.9,119.1,35.6,29.5,38.7,38.7,38.7,78.75,395.0
pp_KONA_Effmap_20230921_250rpm_100Nm.xlsx,0.1,0.1,0.1,1109.7,1119.7,1155.1,3384.4,419.2,8.7,3636.1,251.0,101.6,2671.8,93.1,107.4,79.4,126.6,35.6,29.6,38.8,38.8,38.8,73.86,395.0
pp_KONA_Effmap_20230921_250rpm_150Nm.xlsx,0.1,0.1,0.1,1685.7,1722.2,1688.9,5097.0,419.1,13.2,5511.2,250.9,151.8,3986.4,92.5,108.1,78.2,127.8,35.6,29.6,38.9,38.9,38.9,72.35,395.0
pp_KONA_Effmap_20230921_250rpm_200Nm.xlsx,0.1,0.1,0.1,2345.4,2441.7,2339.6,7126.6,419.2,18.5,7756.6,252.6,202.5,5356.3,91.9,108.8,75.2,133.1,35.6,29.6,39.0,39.0,39.0,69.06,395.0
pp_KONA_Effmap_20230921_250rpm_250Nm.xlsx,0.1,0.1,0.1,3111.8,3144.4,3075.2,9331.3,419.2,24.3,10203.9,252.5,252.6,6678.6,91.4,109.4,71.6,139.7,35.6,29.6,39.1,39.1,39.1,65.46,395.0
pp_KONA_Effmap_20230921_250rpm_300Nm.xlsx,0.1,0.1,0.1,4016.8,4123.0,3797.0,11937.5,419.2,31.3,13137.2,252.2,303.0,7998.5,90.9,110.1,67.1,149.2,35.6,29.7,39.3,39.3,39.3,60.96,395.0
pp_KONA_Effmap_20230921_250rpm_350Nm.xlsx,0.1,0.1,0.1,4798.5,5553.5,4770.6,15122.5,419.2,38.5,16157.6,252.8,353.6,9360.6,93.6,106.8,61.9,161.6,35.6,29.7,39.5,39.5,39.5,57.95,395.0
pp_KONA_Effmap_20230921_250rpm_395Nm.xlsx,0.1,0.1,0.1,5693.6,6142.9,5955.5,17793.1,419.2,45.5,19070.8,250.4,398.8,10457.6,93.3,107.2,58.8,170.1,35.6,29.7,39.7,39.7,39.7,54.86,395.0
pp_KONA_Effmap_20230921_500rpm_25Nm.xlsx,0.1,0.1,0.1,471.0,491.5,498.0,1460.4,419.1,3.6,1509.3,500.8,24.8,1302.0,96.8,103.3,89.2,112.1,36.1,31.4,39.7,39.7,39.7,86.30,395.0
pp_KONA_Effmap_20230921_500rpm_50Nm.xlsx,0.1,0.1,0.1,963.6,988.0,975.1,2926.6,419.1,7.2,3026.9,500.6,50.5,2644.2,96.7,103.4,90.4,110.6,36.1,31.4,39.8,39.8,39.8,87.40,395.0
pp_KONA_Effmap_20230921_500rpm_100Nm.xlsx,0.1,0.1,0.1,1977.6,2005.2,1971.1,5954.0,419.2,14.8,6190.1,500.7,101.1,5301.1,96.2,104.0,89.0,112.3,36.1,31.4,39.9,39.9,39.9,85.64,395.0
pp_KONA_Effmap_20230921_500rpm_150Nm.xlsx,0.1,0.1,0.1,3035.9,3088.3,3008.5,9132.6,419.1,22.8,9550.4,501.4,151.4,7951.7,95.6,104.6,87.1,114.8,36.1,31.4,40.0,40.0,40.0,83.28,395.0
pp_KONA_Effmap_20230921_500rpm_200Nm.xlsx,0.1,0.1,0.1,4143.3,4210.9,4105.2,12459.4,419.1,31.2,13083.5,502.3,202.1,10628.7,95.2,105.0,85.3,117.2,36.1,31.4,40.1,40.1,40.1,81.24,395.0
pp_KONA_Effmap_20230921_500rpm_250Nm.xlsx,0.1,0.1,0.1,5293.6,5393.1,5255.8,15942.5,419.2,40.1,16820.8,501.4,251.8,13215.8,94.8,105.5,82.9,120.6,36.1,31.4,40.2,40.2,40.2,78.57,395.0
pp_KONA_Effmap_20230921_500rpm_300Nm.xlsx,0.1,0.1,0.1,6546.6,6660.3,6489.8,19697.1,419.1,49.8,20869.7,500.6,302.5,15858.0,94.4,106.0,80.5,124.2,36.1,31.4,40.4,40.4,40.4,75.98,395.0
pp_KONA_Effmap_20230921_500rpm_350Nm.xlsx,0.1,0.1,0.1,7913.1,8046.4,7839.1,23795.6,419.1,60.5,25342.2,501.0,352.7,18501.6,93.9,106.5,77.8,128.6,36.1,31.5,40.7,40.7,40.7,73.01,395.0
pp_KONA_Effmap_20230921_500rpm_395Nm.xlsx,0.1,0.1,0.1,9209.1,9373.6,8888.3,27472.7,419.1,70.8,29668.1,501.1,398.0,20888.3,92.6,108.0,76.0,131.5,36.2,31.5,41.0,41.0,41.0,70.41,395.0
pp_KONA_Effmap_20230921_1000rpm_25Nm.xlsx,0.2,0.2,0.2,921.3,933.6,930.2,2785.0,419.1,6.8,2833.0,1000.2,24.5,2570.8,98.3,101.7,92.3,108.3,36.3,31.7,40.7,40.7,40.7,90.74,395.0
pp_KONA_Effmap_20230921_1000rpm_50Nm.xlsx,0.2,0.2,0.2,1862.4,1891.2,1859.1,5612.7,419.1,13.6,5711.8,999.8,50.2,5252.1,98.3,101.8,93.6,106.9,36.3,31.7,40.8,40.8,40.8,91.96,395.0
pp_KONA_Effmap_20230921_1000rpm_100Nm.xlsx,0.2,0.2,0.2,3758.1,3819.7,3727.9,11305.6,419.1,27.5,11546.8,1000.3,100.7,10545.8,97.9,102.1,93.3,107.2,36.3,31.7,40.8,40.8,40.8,91.34,395.0
pp_KONA_Effmap_20230921_1000rpm_150Nm.xlsx,0.2,0.2,0.2,5700.1,5787.1,5653.3,17140.5,419.1,41.9,17555.2,1001.0,150.9,15821.9,97.6,102.4,92.3,108.3,36.3,31.7,40.8,40.8,40.8,90.13,395.0
pp_KONA_Effmap_20230921_1000rpm_200Nm.xlsx,0.2,0.2,0.2,7693.3,7800.0,7629.0,23122.2,419.1,56.7,23755.9,1000.9,201.4,21108.8,97.3,102.7,91.3,109.5,36.3,31.8,40.9,40.9,40.9,88.85,395.0
pp_KONA_Effmap_20230921_1000rpm_250Nm.xlsx,0.2,0.2,0.2,9730.9,9877.6,9627.1,29235.6,419.1,71.9,30126.9,1000.8,251.2,26329.7,97.0,103.0,90.1,111.0,36.3,31.8,41.0,41.0,41.0,87.40,395.0
pp_KONA_Effmap_20230921_1000rpm_300Nm.xlsx,0.2,0.2,0.2,11876.1,12041.5,11750.2,35667.3,419.0,88.0,36852.9,1000.4,301.8,31617.5,96.8,103.3,88.6,112.8,36.3,31.8,41.1,41.1,41.1,85.79,395.0
pp_KONA_Effmap_20230921_1000rpm_350Nm.xlsx,0.2,0.2,0.2,14111.3,14294.3,13963.6,42369.4,418.9,104.8,43911.7,1000.8,351.6,36851.1,96.5,103.6,87.0,115.0,36.3,31.8,41.3,41.3,41.3,83.92,395.0
pp_KONA_Effmap_20230921_1000rpm_395Nm.xlsx,0.2,0.2,0.2,16256.0,16448.1,16060.6,48764.7,418.9,121.1,50702.0,1000.8,397.1,41617.9,96.2,104.0,85.3,117.2,36.3,31.8,41.7,41.7,41.7,82.08,395.0
pp_KONA_Effmap_20230921_1500rpm_25Nm.xlsx,0.2,0.2,0.2,1357.9,1386.2,1365.4,4109.5,419.1,9.9,4160.1,1499.5,24.4,3836.7,98.8,101.2,93.4,107.1,36.5,32.2,41.1,41.1,41.1,92.24,395.0
pp_KONA_Effmap_20230921_1500rpm_50Nm.xlsx,0.3,0.3,0.3,2754.9,2793.9,2743.5,8292.4,419.2,20.0,8394.2,1499.0,50.0,7854.9,98.8,101.2,94.7,105.6,36.6,32.2,41.1,41.1,41.1,93.56,395.0
pp_KONA_Effmap_20230921_1500rpm_100Nm.xlsx,0.3,0.3,0.3,5549.3,5621.1,5490.5,16661.1,419.1,40.3,16904.2,1499.7,100.6,15793.4,98.6,101.5,94.8,105.5,36.5,32.2,41.1,41.1,41.1,93.43,395.0
pp_KONA_Effmap_20230921_1500rpm_150Nm.xlsx,0.3,0.3,0.3,8377.1,8479.3,8280.7,25136.6,419.1,61.0,25557.1,1500.1,150.7,23673.7,98.4,101.7,94.2,106.2,36.5,32.2,41.2,41.2,41.2,92.63,395.0
pp_KONA_Effmap_20230921_1500rpm_200Nm.xlsx,0.3,0.3,0.3,11266.9,11391.9,11128.3,33788.2,419.0,82.1,34419.9,1500.6,201.0,31577.3,98.2,101.9,93.5,107.0,36.5,32.3,41.2,41.2,41.2,91.74,395.0
pp_KONA_Effmap_20230921_1500rpm_250Nm.xlsx,0.3,0.3,0.3,14187.0,14351.5,14005.4,42542.3,418.9,103.7,43421.5,1499.8,251.0,39425.4,98.0,102.1,92.7,107.9,36.5,32.3,41.3,41.3,41.3,90.79,395.0
pp_KONA_Effmap_20230921_1500rpm_300Nm.xlsx,0.3,0.3,0.3,17226.7,17421.5,17008.1,51656.3,418.9,126.1,52844.1,1500.8,301.5,47382.5,97.8,102.3,91.7,109.0,36.5,32.3,41.5,41.5,41.5,89.67,395.0
pp_KONA_Effmap_20230921_1500rpm_350Nm.xlsx,0.3,0.3,0.3,20331.1,20566.6,20063.8,60962.0,418.8,149.3,62515.3,1500.7,351.1,55179.8,97.5,102.5,90.5,110.5,36.6,32.3,41.8,41.8,41.8,88.27,395.0
pp_KONA_Effmap_20230921_1500rpm_395Nm.xlsx,0.3,0.3,0.3,23263.4,23493.9,22968.5,69725.6,418.8,171.2,71677.6,1500.3,396.2,62250.4,97.3,102.8,89.3,112.0,36.6,32.3,42.1,42.1,42.1,86.85,395.0
pp_KONA_Effmap_20230921_2000rpm_25Nm.xlsx,0.3,0.3,0.3,1795.7,1841.3,1801.0,5437.9,419.1,13.1,5489.7,1999.3,24.2,5064.0,99.1,101.0,93.1,107.4,36.8,32.6,41.4,41.4,41.4,92.27,395.0
pp_KONA_Effmap_20230921_2000rpm_50Nm.xlsx,0.3,0.3,0.3,3648.0,3705.0,3617.6,10970.8,419.2,26.4,11076.5,1999.2,49.9,10441.3,99.0,101.0,95.2,105.1,36.8,32.7,41.3,41.3,41.3,94.27,395.0
pp_KONA_Effmap_20230921_2000rpm_100Nm.xlsx,0.4,0.4,0.4,7353.3,7416.5,7240.5,22010.2,419.1,53.1,22247.1,2000.0,100.4,21030.3,98.9,101.1,95.6,104.7,36.8,32.7,41.3,41.3,41.3,94.54,395.0
pp_KONA_Effmap_20230921_2000rpm_150Nm.xlsx,0.4,0.4,0.4,11075.2,11163.4,10892.7,33131.0,419.1,80.0,33544.2,2000.2,150.5,31521.0,98.8,101.2,95.1,105.1,36.8,32.7,41.3,41.3,41.3,93.97,395.0
pp_KONA_Effmap_20230921_2000rpm_200Nm.xlsx,0.4,0.4,0.4,14854.6,14966.3,14600.6,44422.8,418.9,107.6,45059.8,2001.3,200.8,42072.6,98.6,101.4,94.7,105.6,36.8,32.8,41.3,41.3,41.3,93.37,395.0
pp_KONA_Effmap_20230921_2000rpm_250Nm.xlsx,0.4,0.4,0.4,18662.6,18791.0,18341.9,55794.7,418.9,135.3,56680.7,2000.4,250.7,52511.3,98.4,101.6,94.1,106.3,36.8,32.8,41.3,41.3,41.3,92.64,395.0
pp_KONA_Effmap_20230921_2000rpm_300Nm.xlsx,0.4,0.4,0.4,22588.9,22726.8,22209.3,67525.4,418.8,164.1,68707.6,2000.6,301.1,63080.9,98.3,101.8,93.4,107.0,36.8,32.8,41.5,41.5,41.5,91.81,395.0
pp_KONA_Effmap_20230921_2000rpm_350Nm.xlsx,0.4,0.4,0.4,26571.9,26737.0,26143.5,79454.0,418.7,193.5,81012.3,2000.5,350.9,73508.9,98.1,102.0,92.5,108.1,36.8,32.8,41.7,41.7,41.7,90.74,395.0
pp_KONA_Effmap_20230921_2000rpm_395Nm.xlsx,0.4,0.4,0.4,30297.4,30455.9,29813.2,90566.1,418.6,221.1,92553.4,2000.4,396.1,82991.2,97.9,102.2,91.6,109.1,36.8,32.8,42.0,42.0,42.0,89.67,395.0
pp_KONA_Effmap_20230921_2500rpm_25Nm.xlsx,0.4,0.4,0.4,2243.3,2302.8,2214.8,6760.7,419.1,16.3,6810.5,2499.6,24.1,6319.6,99.3,100.7,93.5,107.0,37.0,33.0,43.1,43.1,43.1,92.79,395.0
pp_KONA_Effmap_20230921_2500rpm_50Nm.xlsx,0.4,0.4,0.4,4569.6,4610.9,4471.8,13652.4,419.2,32.8,13753.2,2499.4,49.8,13029.6,99.3,100.7,95.4,104.8,37.0,33.0,43.1,43.1,43.1,94.74,395.0
pp_KONA_Effmap_20230921_2500rpm_100Nm.xlsx,0.4,0.4,0.4,9187.6,9192.2,8972.4,27352.2,419.1,65.8,27597.0,2499.8,100.3,26265.2,99.1,100.9,96.0,104.1,37.1,33.1,43.1,43.1,43.1,95.17,395.0
pp_KONA_Effmap_20230921_2500rpm_150Nm.xlsx,0.4,0.4,0.4,13828.8,13801.2,13505.8,41135.7,418.9,99.2,41551.9,2499.7,150.6,39429.6,99.0,101.0,95.9,104.3,37.1,33.0,43.1,43.1,43.1,94.89,395.0
pp_KONA_Effmap_20230921_2500rpm_200Nm.xlsx,0.5,0.5,0.5,18509.9,18464.8,18085.7,55059.3,418.9,133.0,55696.7,2500.0,200.9,52583.6,98.9,101.2,95.5,104.7,37.1,33.0,43.1,43.1,43.1,94.41,395.0
pp_KONA_Effmap_20230921_2500rpm_250Nm.xlsx,0.5,0.5,0.5,23216.5,23148.4,22692.0,69056.8,418.8,167.0,69947.6,2499.7,250.8,65665.2,98.7,101.3,95.1,105.2,37.1,33.0,43.2,43.2,43.2,93.88,395.0
pp_KONA_Effmap_20230921_2500rpm_300Nm.xlsx,0.5,0.5,0.5,28057.2,27987.5,27445.5,83490.3,418.6,202.3,84690.3,2500.4,300.9,78788.0,98.6,101.4,94.4,106.0,37.1,33.1,43.4,43.4,43.4,93.03,395.0
pp_KONA_Effmap_20230921_2500rpm_350Nm.xlsx,0.5,0.5,0.5,32947.2,32870.6,32258.5,98075.8,418.5,238.2,99662.6,2500.1,350.9,91879.2,98.4,101.6,93.7,106.7,37.1,33.1,43.7,43.7,43.7,92.19,395.0
pp_KONA_Effmap_20230921_2500rpm_395Nm.xlsx,0.5,0.5,0.5,37494.0,37389.5,36721.9,111605.9,418.4,271.6,113624.4,2500.7,395.9,103681.2,98.2,101.8,92.9,107.6,37.1,33.1,44.0,44.0,44.0,91.25,395.0
pp_KONA_Effmap_20230921_3000rpm_25Nm.xlsx,0.4,0.4,0.4,2715.2,2734.4,2623.5,8073.3,419.1,19.4,8120.3,2998.6,24.0,7540.4,99.4,100.6,93.4,107.1,37.1,33.0,43.3,43.3,43.3,92.85,395.0
pp_KONA_Effmap_20230921_3000rpm_50Nm.xlsx,0.5,0.5,0.5,5512.8,5470.3,5332.9,16316.2,419.1,39.2,16418.8,2997.8,49.6,15572.6,99.4,100.6,95.4,104.8,37.2,33.0,43.3,43.3,43.3,94.84,395.0
pp_KONA_Effmap_20230921_3000rpm_100Nm.xlsx,0.5,0.5,0.5,11032.3,10890.4,10743.6,32666.2,419.2,78.5,32910.7,3001.2,100.2,31485.9,99.3,100.7,96.4,103.7,37.1,33.0,43.4,43.4,43.4,95.67,395.0
pp_KONA_Effmap_20230921_3000rpm_150Nm.xlsx,0.5,0.5,0.5,16558.0,16355.3,16166.0,49080.1,418.9,118.2,49504.2,3000.2,150.4,47256.9,99.1,100.9,96.3,103.9,37.1,33.1,43.4,43.4,43.4,95.46,395.0
pp_KONA_Effmap_20230921_3000rpm_200Nm.xlsx,0.5,0.5,0.5,22147.9,21881.3,21643.2,65674.0,418.9,158.3,66319.5,2999.2,200.5,62974.8,99.0,101.0,95.9,104.3,37.2,33.1,43.4,43.4,43.4,94.95,395.0
pp_KONA_Effmap_20230921_3000rpm_250Nm.xlsx,0.5,0.5,0.5,27756.2,27422.4,27144.9,82322.0,418.7,198.7,83207.0,3001.9,250.7,78814.0,98.9,101.1,95.7,104.5,37.1,33.2,43.5,43.5,43.5,94.72,395.0
pp_KONA_Effmap_20230921_3000rpm_300Nm.xlsx,0.5,0.5,0.5,33486.1,33111.7,32794.1,99391.7,418.5,240.3,100590.2,2999.3,301.1,94570.0,98.8,101.2,95.2,105.1,37.2,33.2,43.6,43.6,43.6,94.02,395.0
pp_KONA_Effmap_20230921_3000rpm_350Nm.xlsx,0.5,0.5,0.5,39299.2,38841.1,38472.0,116613.2,418.4,282.5,118202.4,2998.4,350.9,110172.6,98.7,101.4,94.5,105.8,37.2,33.2,43.8,43.8,43.8,93.20,395.0
pp_KONA_Effmap_20230921_3000rpm_395Nm.xlsx,0.5,0.5,0.5,44591.3,44145.4,43789.0,132526.1,418.3,321.7,134540.6,3002.3,395.7,124414.7,98.5,101.5,93.9,106.5,37.2,33.3,44.1,44.1,44.1,92.47,395.0
pp_KONA_Effmap_20230921_3627rpm_25Nm.xlsx,0.5,0.5,0.5,3295.9,3245.9,3179.8,9721.6,419.1,23.3,9769.0,3626.1,24.0,9096.3,99.5,100.5,93.6,106.9,37.3,33.3,44.4,44.4,44.4,93.11,395.0
pp_KONA_Effmap_20230921_3627rpm_50Nm.xlsx,0.5,0.5,0.5,6649.7,6524.1,6483.8,19657.9,419.1,47.1,19761.4,3626.1,49.6,18816.9,99.5,100.5,95.7,104.5,37.3,33.3,44.3,44.3,44.3,95.22,395.0
pp_KONA_Effmap_20230921_3627rpm_100Nm.xlsx,0.6,0.6,0.6,13272.0,13032.9,13040.7,39345.7,419.0,94.5,39586.3,3626.2,100.1,38027.3,99.4,100.6,96.6,103.5,37.4,33.4,44.2,44.2,44.2,96.06,395.0
pp_KONA_Effmap_20230921_3627rpm_150Nm.xlsx,0.6,0.6,0.6,19905.9,19573.0,19600.9,59079.2,418.9,142.0,59505.0,3626.4,150.5,57134.6,99.3,100.7,96.7,103.4,37.3,33.4,44.2,44.2,44.2,96.02,395.0
pp_KONA_Effmap_20230921_3627rpm_200Nm.xlsx,0.6,0.6,0.6,26599.1,26185.6,26219.4,79002.2,418.7,190.2,79635.2,3626.6,200.8,76247.6,99.2,100.8,96.5,103.6,37.4,33.4,44.3,44.3,44.3,95.75,395.0
pp_KONA_Effmap_20230921_3627rpm_250Nm.xlsx,0.6,0.6,0.6,33295.3,32828.1,32862.0,98985.7,418.5,238.7,99890.1,3626.7,250.7,95230.5,99.1,100.9,96.2,103.9,37.4,33.4,44.5,44.5,44.5,95.34,395.0
pp_KONA_Effmap_20230921_3627rpm_300Nm.xlsx,0.6,0.6,0.6,40161.0,39587.2,39665.9,119414.0,418.4,288.3,120620.1,3626.7,301.1,114345.1,99.0,101.0,95.8,104.4,37.4,33.5,44.7,44.7,44.7,94.80,395.0
pp_KONA_Effmap_20230921_3627rpm_350Nm.xlsx,0.6,0.6,0.6,47016.0,46475.6,46470.8,139962.4,418.2,338.5,141562.1,3626.3,351.1,133331.6,98.9,101.1,95.3,105.0,37.4,33.7,45.2,45.2,45.2,94.19,395.0
pp_KONA_Effmap_20230921_3627rpm_395Nm.xlsx,0.6,0.6,0.6,53338.5,52761.2,52779.9,158880.7,418.1,384.9,160900.2,3626.9,395.9,150374.3,98.7,101.3,94.6,105.7,37.4,33.8,45.7,45.7,45.7,93.46,395.0
pp_KONA_Effmap_20230921_4000rpm_25Nm.xlsx,0.6,0.6,0.6,3649.9,3583.0,3548.9,10781.9,419.2,25.8,10828.1,3998.9,24.2,10118.7,99.6,100.4,93.9,106.5,37.5,33.7,44.8,44.8,44.8,93.45,358.2
pp_KONA_Effmap_20230921_4000rpm_50Nm.xlsx,0.6,0.6,0.6,7314.9,7170.5,7186.1,21671.4,419.1,52.0,21776.9,3998.9,49.7,20804.9,99.5,100.5,96.0,104.2,37.5,33.8,44.8,44.8,44.8,95.53,358.2
pp_KONA_Effmap_20230921_4000rpm_100Nm.xlsx,0.6,0.6,0.6,14595.5,14339.0,14424.8,43359.0,419.0,104.1,43596.0,3999.6,100.2,41986.0,99.5,100.5,96.8,103.3,37.6,33.8,44.7,44.7,44.7,96.31,358.1
pp_KONA_Effmap_20230921_4000rpm_150Nm.xlsx,0.6,0.6,0.6,21892.2,21541.8,21681.8,65116.0,418.9,156.5,65537.8,3999.2,150.7,63106.8,99.4,100.6,96.9,103.2,37.5,33.8,44.7,44.7,44.7,96.29,358.2
pp_KONA_Effmap_20230921_4000rpm_200Nm.xlsx,0.6,0.7,0.7,29262.5,28828.0,28991.7,87080.8,418.7,209.5,87718.6,4000.1,201.2,84271.8,99.3,100.7,96.8,103.3,37.5,33.9,44.7,44.7,44.7,96.07,358.1
pp_KONA_Effmap_20230921_4000rpm_250Nm.xlsx,0.7,0.7,0.7,36608.8,36125.5,36305.2,109040.6,418.5,262.7,109937.3,3999.4,251.2,105211.7,99.2,100.8,96.5,103.6,37.6,33.9,44.7,44.7,44.7,95.70,358.2
pp_KONA_Effmap_20230921_4000rpm_300Nm.xlsx,0.7,0.7,0.7,44241.6,43737.9,43916.4,131893.8,418.3,318.2,133112.6,4000.1,302.5,126724.8,99.1,100.9,96.1,104.1,37.6,33.9,44.8,44.8,44.8,95.20,358.1
pp_KONA_Effmap_20230921_4000rpm_350Nm.xlsx,0.6,0.6,0.6,52004.3,51507.4,51682.3,155193.2,418.1,375.2,156864.6,4000.5,353.5,148092.7,98.9,101.1,95.4,104.8,37.6,34.0,44.9,44.9,44.9,94.41,358.1
pp_KONA_Effmap_20230921_4000rpm_358Nm.xlsx,0.6,0.7,0.7,53288.1,52767.9,52974.5,159030.8,418.1,384.6,160797.4,3999.3,362.0,151620.6,98.9,101.1,95.3,104.9,37.6,34.1,45.2,45.2,45.2,94.29,358.2
pp_KONA_Effmap_20230921_5000rpm_25Nm.xlsx,0.7,0.7,0.7,4572.1,4476.5,4516.8,13565.4,419.2,32.5,13614.6,4999.1,24.2,12693.5,99.6,100.4,93.6,106.9,37.8,34.1,45.3,45.3,45.3,93.24,286.5
pp_KONA_Effmap_20230921_5000rpm_50Nm.xlsx,0.7,0.7,0.7,9067.7,8921.6,9024.8,27014.3,419.1,64.7,27114.6,4999.4,49.6,25981.8,99.6,100.4,96.2,104.0,37.8,34.1,45.2,45.2,45.2,95.82,286.5
pp_KONA_Effmap_20230921_5000rpm_100Nm.xlsx,0.7,0.8,0.7,18100.9,17883.1,18079.9,54064.1,418.9,129.6,54304.8,4999.6,100.4,52564.0,99.6,100.4,97.2,102.9,37.8,34.2,45.2,45.2,45.2,96.80,286.5
pp_KONA_Effmap_20230921_5000rpm_150Nm.xlsx,0.8,0.8,0.8,27164.3,26886.4,27137.3,81187.9,418.7,194.9,81622.1,5000.1,150.7,78918.8,99.5,100.5,97.2,102.9,37.8,34.3,45.1,45.1,45.1,96.69,286.5
pp_KONA_Effmap_20230921_5000rpm_200Nm.xlsx,0.7,0.7,0.7,36425.3,36123.8,36402.5,108952.3,418.5,262.1,109671.1,5000.2,201.7,105613.7,99.3,100.7,96.9,103.2,37.8,34.3,45.1,45.1,45.1,96.30,286.5
pp_KONA_Effmap_20230921_5000rpm_250Nm.xlsx,0.7,0.7,0.7,45869.6,45551.2,45859.2,137279.4,418.2,330.9,138403.2,5000.1,252.5,132207.0,99.2,100.8,96.3,103.8,37.8,34.3,45.2,45.2,45.2,95.53,286.5
pp_KONA_Effmap_20230921_5000rpm_286Nm.xlsx,0.7,0.7,0.7,52865.7,52564.7,52875.5,158306.3,418.1,382.3,159835.4,5000.4,288.9,151291.2,99.0,101.0,95.6,104.6,37.8,34.3,45.3,45.3,45.3,94.66,286.5
pp_KONA_Effmap_20230921_6000rpm_25Nm.xlsx,0.8,0.8,0.8,5450.9,5351.4,5425.0,16227.3,419.1,38.8,16276.2,5996.6,24.2,15201.7,99.7,100.3,93.7,106.7,37.9,34.4,43.7,43.7,43.7,93.40,238.9
pp_KONA_Effmap_20230921_6000rpm_50Nm.xlsx,0.8,0.7,0.7,10834.5,10689.1,10825.0,32348.6,419.1,77.5,32466.4,5996.7,49.5,31082.2,99.6,100.4,96.1,104.1,37.9,34.4,43.7,43.7,43.7,95.74,238.9
pp_KONA_Effmap_20230921_6000rpm_100Nm.xlsx,0.8,0.8,0.8,21824.0,21624.8,21843.9,65292.9,418.9,156.6,65604.5,5999.7,101.0,63450.8,99.5,100.5,97.2,102.9,37.9,34.4,43.7,43.7,43.7,96.72,238.7
pp_KONA_Effmap_20230921_6000rpm_150Nm.xlsx,0.8,0.8,0.8,32801.5,32574.2,32850.6,98224.8,418.6,236.0,98798.7,6000.3,151.3,95097.5,99.4,100.6,96.8,103.3,37.9,34.5,43.7,43.7,43.7,96.26,238.7
pp_KONA_Effmap_20230921_6000rpm_200Nm.xlsx,0.8,0.8,0.8,44085.6,43847.7,44173.4,132106.4,418.3,318.2,133097.8,5997.9,202.5,127168.7,99.3,100.7,96.3,103.9,38.0,34.5,43.7,43.7,43.7,95.55,238.8
pp_KONA_Effmap_20230921_6000rpm_238Nm.xlsx,0.7,0.7,0.7,53302.9,53098.2,53415.1,159816.1,418.1,385.9,161333.6,5997.4,242.7,152404.6,99.1,100.9,95.4,104.9,38.0,34.7,43.9,43.9,43.9,94.47,238.8
pp_KONA_Effmap_20230921_7000rpm_25Nm.xlsx,0.5,0.5,0.5,6358.2,6215.8,6322.7,18896.7,419.1,45.3,19007.2,6999.1,24.1,17673.5,99.4,100.6,93.5,106.9,38.1,34.5,43.6,43.6,43.6,92.99,204.7
pp_KONA_Effmap_20230921_7000rpm_50Nm.xlsx,0.7,0.7,0.7,12745.9,12580.0,12739.2,38065.0,419.1,91.3,38245.9,6999.0,49.8,36532.1,99.5,100.5,96.0,104.2,38.1,34.5,43.6,43.6,43.6,95.52,204.7
pp_KONA_Effmap_20230921_7000rpm_100Nm.xlsx,0.8,0.8,0.8,25592.2,25383.7,25624.1,76599.6,418.8,183.9,76995.4,6999.7,101.0,74059.6,99.5,100.5,96.7,103.4,38.1,34.6,43.5,43.5,43.5,96.19,204.6
pp_KONA_Effmap_20230921_7000rpm_150Nm.xlsx,0.8,0.8,0.8,38672.5,38444.6,38754.6,115869.8,418.4,278.7,116631.7,6999.9,152.4,111713.2,99.3,100.7,96.4,103.7,38.1,34.6,43.5,43.5,43.5,95.78,204.6
pp_KONA_Effmap_20230921_7000rpm_200Nm.xlsx,0.7,0.7,0.7,52570.5,52405.3,52731.4,157705.3,418.1,380.7,159157.4,6999.9,204.8,150152.3,99.1,100.9,95.2,105.0,38.1,34.8,43.5,43.5,43.5,94.34,204.6
pp_KONA_Effmap_20230921_7000rpm_204Nm.xlsx,0.7,0.7,0.7,53915.9,53756.6,54079.2,161751.9,418.1,390.6,163322.3,6999.2,209.5,153547.4,99.0,101.0,94.9,105.3,38.1,34.9,43.7,43.7,43.7,94.02,204.7
pp_KONA_Effmap_20230921_8000rpm_25Nm.xlsx,0.4,0.4,0.4,7594.8,7413.8,7549.0,22557.6,449.5,50.6,22744.1,7998.8,25.0,20919.9,99.2,100.8,92.7,107.8,37.9,34.1,42.9,42.9,42.9,91.98,179.1
pp_KONA_Effmap_20230921_8000rpm_50Nm.xlsx,0.6,0.6,0.6,14724.7,14521.1,14717.7,43963.4,449.4,98.4,44234.5,7998.9,50.1,41991.0,99.4,100.6,95.5,104.7,37.9,34.2,42.9,42.9,42.9,94.93,179.1
pp_KONA_Effmap_20230921_8000rpm_100Nm.xlsx,0.7,0.7,0.7,29646.4,29388.5,29715.1,88749.4,448.7,199.0,89289.7,7998.8,101.9,85393.1,99.4,100.6,96.2,103.9,37.9,34.3,42.8,42.8,42.8,95.64,179.1
pp_KONA_Effmap_20230921_8000rpm_150Nm.xlsx,0.7,0.7,0.7,44804.1,44521.4,44965.2,134291.0,448.1,302.0,135294.0,7999.3,153.5,128566.7,99.3,100.7,95.7,104.5,37.9,34.4,42.8,42.8,42.8,95.03,179.1
pp_KONA_Effmap_20230921_8000rpm_179Nm.xlsx,0.7,0.7,0.7,53109.9,52867.8,53338.2,159314.2,447.8,359.5,160949.6,7999.2,179.4,150287.6,99.0,101.0,94.3,106.0,37.9,34.6,42.9,42.9,42.9,93.38,179.1
pp_KONA_Effmap_20230921_9000rpm_25Nm.xlsx,0.4,0.4,0.4,8514.7,8292.9,8465.7,25273.3,449.6,56.8,25530.1,9001.4,24.7,23321.3,99.0,101.0,92.3,108.4,37.9,31.6,40.3,40.3,40.3,91.36,159.1
pp_KONA_Effmap_20230921_9000rpm_50Nm.xlsx,0.6,0.6,0.6,16983.2,16742.1,16998.7,50724.1,449.2,113.7,51072.9,9001.1,51.2,48242.0,99.3,100.7,95.1,105.1,37.9,31.7,40.3,40.3,40.3,94.46,159.1
pp_KONA_Effmap_20230921_9000rpm_100Nm.xlsx,0.7,0.7,0.7,33843.2,33559.3,33983.5,101387.1,448.5,227.5,102053.3,8997.8,103.1,97171.0,99.3,100.7,95.8,104.3,37.9,31.9,40.4,40.4,40.4,95.22,159.2
pp_KONA_Effmap_20230921_9000rpm_150Nm.xlsx,0.7,0.7,0.7,52179.6,51922.2,52550.3,156653.8,447.7,353.2,158135.2,9002.0,157.3,148241.1,99.1,100.9,94.6,105.7,37.9,32.1,40.4,40.4,40.4,93.75,159.1
pp_KONA_Effmap_20230921_9000rpm_159Nm.xlsx,0.7,0.7,0.7,55133.3,54886.8,55565.6,165585.0,447.6,373.6,167226.0,9001.8,165.4,155955.0,99.0,101.0,94.2,106.2,37.9,32.3,40.6,40.6,40.6,93.26,159.1
pp_KONA_Effmap_20230921_10005rpm_25Nm.xlsx,0.4,0.4,0.4,9819.2,9543.0,9776.5,29138.7,449.5,65.6,29472.3,10003.9,25.6,26793.7,98.9,101.1,92.0,108.8,37.6,31.7,40.6,40.6,40.6,90.91,143.2
pp_KONA_Effmap_20230921_10005rpm_50Nm.xlsx,0.6,0.6,0.6,18857.2,18567.8,18894.0,56320.0,449.0,126.4,56743.1,10004.3,51.0,53378.3,99.3,100.8,94.8,105.5,37.6,31.8,40.6,40.6,40.6,94.07,143.2
pp_KONA_Effmap_20230921_10005rpm_100Nm.xlsx,0.7,0.7,0.7,38059.4,37737.5,38300.8,114097.1,448.2,256.3,114885.3,10005.3,103.9,108908.0,99.3,100.7,95.5,104.8,37.6,32.0,40.6,40.6,40.6,94.80,143.2
pp_KONA_Effmap_20230921_10005rpm_143Nm.xlsx,0.7,0.7,0.7,55802.2,55534.0,56391.9,167729.3,447.4,378.4,169300.2,10006.0,150.6,157749.8,99.1,100.9,94.1,106.3,37.6,32.2,40.7,40.7,40.7,93.18,143.2
pp_KONA_Effmap_20230921_11000rpm_25Nm.xlsx,0.4,0.4,0.4,11119.1,10816.7,11101.7,33037.4,449.5,74.4,33428.6,10999.3,26.0,29925.8,98.8,101.2,90.6,110.4,37.9,33.1,41.7,41.7,41.7,89.52,130.2
pp_KONA_Effmap_20230921_11000rpm_50Nm.xlsx,0.6,0.6,0.6,21588.9,21284.3,21682.9,64555.5,449.1,144.9,65053.7,10999.2,52.8,60777.6,99.2,100.8,94.1,106.2,37.9,33.2,41.6,41.6,41.6,93.43,130.2
pp_KONA_Effmap_20230921_11000rpm_100Nm.xlsx,0.7,0.7,0.7,42892.5,42592.7,43263.8,128748.6,448.1,289.4,129679.2,11000.1,105.9,122000.8,99.3,100.7,94.8,105.5,37.9,33.4,41.6,41.6,41.6,94.08,130.2
pp_KONA_Effmap_20230921_11000rpm_130Nm.xlsx,0.7,0.7,0.7,54910.1,54765.3,55640.3,165314.6,447.6,372.7,166833.0,11000.3,133.8,154113.1,99.1,100.9,93.2,107.3,37.9,33.5,41.6,41.6,41.6,92.39,130.2
