<FileList>

<File Reference="Syncfusion.SfChart.WPF.dll">
	<ContainsControls>True</ContainsControls>
	<ToolboxItems UIFramework="WPF" VSCategory="Syncfusion WPF UI Controls (NuGet)" BlendCategory="Syncfusion WPF UI Controls (NuGet)">
		<Item Type="Syncfusion.UI.Xaml.Charts.SfChart3D"/>
		<Item Type="Syncfusion.UI.Xaml.Charts.SfChart"/>
		<Item Type="Syncfusion.UI.Xaml.Charts.SfDateTimeRangeNavigator"/>
		<Item Type="Syncfusion.UI.Xaml.Charts.SfRangeNavigator"/>
		<Item Type="Syncfusion.UI.Xaml.Charts.SfAreaSparkline"/>
		<Item Type="Syncfusion.UI.Xaml.Charts.SfColumnSparkline"/>
		<Item Type="Syncfusion.UI.Xaml.Charts.SfLineSparkline"/>
		<Item Type="Syncfusion.UI.Xaml.Charts.SfWinLossSparkline"/>
		<Item Type="Syncfusion.UI.Xaml.Charts.SfSurfaceChart"/>
	</ToolboxItems>
</File>
</FileList>